"","id","price","mq","floor","n_rooms","n_bathrooms","has_terrace","has_alarm","heating","has_air_conditioning","has_parking","is_furnished"
"174",174,80000,89,1,3,1,0,0,"autonomous",0,0,0
"387",387,80000,130,2,5,1,1,0,"autonomous",0,0,0
"594",594,165000,130,1,5,2,0,0,"autonomous",0,0,0
"809",809,20000,45,3,2,1,0,0,"autonomous",0,0,0
"1087",1087,170000,140,1,4,2,0,0,"autonomous",1,0,0
"1260",1260,59000,60,1,2,1,1,0,"autonomous",0,0,0
"1556",1556,85000,100,2,2,1,0,0,"autonomous",1,0,1
"1871",1871,130000,125,1,4,2,0,0,"autonomous",0,0,0
"2143",2143,149000,200,1,5,2,0,0,"autonomous",0,0,0
"2388",2388,55000,60,3,3,1,0,0,"autonomous",0,0,0
"2666",2666,150000,110,1,3,1,1,0,"autonomous",1,0,0
"2869",2869,205000,150,4,5,2,0,0,"autonomous",0,0,0
"3136",3136,80000,128,1,5,2,0,0,"autonomous",0,0,0
"3286",3286,95000,112,3,3,2,0,0,"autonomous",0,0,0
"3496",3496,1e+05,98,3,3,2,0,0,"autonomous",0,0,0
"3702",3702,160000,127,1,4,2,1,0,"autonomous",0,0,0
"3898",3898,230000,127,1,4,2,0,0,"autonomous",0,0,0
"4090",4090,60000,70,2,4,1,0,0,"autonomous",1,0,0
"4315",4315,155000,126,3,4,2,1,0,"autonomous",0,0,0
"4530",4530,83000,108,1,5,1,0,0,"autonomous",1,0,0
"4763",4763,150000,130,3,4,2,0,0,"autonomous",0,0,0
"4959",4959,115000,75,6,2,1,0,0,"autonomous",1,0,0
"5179",5179,188000,130,4,4,2,0,0,"autonomous",1,0,1
"5349",5349,50000,65,2,3,1,0,0,"autonomous",0,0,1
"5513",5513,150000,115,1,4,2,0,0,"autonomous",1,0,0
"5766",5766,74000,114,2,3,1,0,0,"autonomous",0,0,1
"6052",6052,105000,100,2,3,1,0,0,"autonomous",0,0,0
"6310",6310,170000,150,1,5,2,0,0,"autonomous",0,0,0
"6548",6548,60000,130,2,5,1,1,0,"autonomous",1,0,1
"6770",6770,80000,78,3,4,1,1,0,"autonomous",1,0,0
"7017",7017,45000,38,1,2,1,0,0,"autonomous",1,0,0
"7267",7267,129000,95,1,3,1,0,0,"autonomous",0,0,0
"7459",7459,20000,70,2,3,1,1,0,"autonomous",1,0,0
"7708",7708,18000,48,2,2,1,0,0,"autonomous",0,0,0
"7969",7969,55000,28,1,3,1,0,0,"autonomous",0,0,0
"8196",8196,40000,45,2,2,1,0,0,"autonomous",0,0,0
"8436",8436,250000,185,1,5,3,0,0,"autonomous",1,0,1
"8587",8587,80000,100,2,4,2,0,0,"autonomous",0,0,1
"8757",8757,18000,25,5,3,1,0,0,"autonomous",0,0,0
"8987",8987,150000,146,2,4,2,0,0,"autonomous",0,0,0
"9193",9193,95000,100,1,3,2,0,0,"autonomous",0,0,0
"9405",9405,116000,78,2,3,1,1,0,"autonomous",0,0,0
"9617",9617,197000,320,1,5,2,0,0,"autonomous",0,0,1
"9816",9816,70000,210,1,3,1,1,0,"autonomous",1,0,0
"10090",10090,62000,65,1,4,2,1,0,"autonomous",0,0,0
"10352",10352,62000,188,1,5,1,1,0,"autonomous",1,0,0
"10579",10579,120000,120,3,3,1,0,0,"autonomous",0,0,0
"10798",10798,180000,104,2,3,2,0,0,"autonomous",0,0,0
"11086",11086,119000,150,1,4,2,0,0,"autonomous",0,0,0
"11310",11310,95000,75,2,2,1,0,0,"autonomous",0,0,0
"11569",11569,170000,153,2,4,1,0,0,"autonomous",0,0,0
"11816",11816,85000,95,1,3,1,0,0,"autonomous",1,0,0
"12043",12043,315000,111,1,4,2,0,0,"other",0,0,0
"12288",12288,120000,110,2,3,1,0,0,"autonomous",0,0,0
"12471",12471,136000,120,1,3,2,0,0,"autonomous",0,0,0
"12663",12663,75000,60,1,2,1,0,0,"other",1,0,0
"12957",12957,90000,90,3,3,2,0,0,"autonomous",1,0,0
"13185",13185,129000,110,2,3,1,0,0,"other",0,0,0
"13430",13430,119000,67,2,2,1,0,0,"autonomous",0,0,0
"13698",13698,275000,140,3,4,1,0,0,"autonomous",1,0,0
"13960",13960,117000,65,1,2,1,1,0,"autonomous",1,0,0
"14253",14253,340000,130,1,4,2,0,0,"autonomous",0,0,0
"14528",14528,480000,100,8,3,2,0,0,"other",0,0,0
"14787",14787,49000,100,3,3,1,0,0,"autonomous",1,0,0
"14974",14974,140000,100,1,3,2,0,0,"autonomous",0,0,0
"15196",15196,95000,75,2,3,1,0,0,"other",0,0,0
"15443",15443,85000,52,1,3,1,0,0,"autonomous",0,0,0
"15642",15642,72000,100,1,4,1,1,0,"autonomous",0,0,0
"15838",15838,39000,120,2,4,1,0,0,"autonomous",0,0,0
"16153",16153,46000,65,3,4,1,0,0,"autonomous",0,0,0
"16364",16364,110000,115,2,4,2,0,0,"autonomous",0,0,0
"16669",16669,79000,60,1,2,1,0,0,"autonomous",0,0,0
"16976",16976,210000,100,1,3,3,0,0,"autonomous",0,0,0
"17206",17206,180000,134,1,4,3,0,0,"autonomous",0,0,0
"17454",17454,44400,105,2,3,1,0,0,"autonomous",0,0,0
"17774",17774,75000,92,3,3,2,0,0,"autonomous",1,0,0
"17983",17983,280000,150,2,3,2,0,0,"autonomous",0,0,0
"18235",18235,85000,90,1,5,2,0,0,"autonomous",0,0,0
"18462",18462,55000,130,1,3,2,1,0,"autonomous",0,0,0
"18745",18745,90000,83,2,3,1,0,0,"autonomous",0,0,0
"19032",19032,1e+05,75,1,3,1,0,0,"autonomous",0,0,0
"19266",19266,55000,77,2,3,1,0,0,"autonomous",1,0,1
"19542",19542,85000,142,1,3,2,0,0,"autonomous",0,0,0
"19725",19725,65000,74,1,3,1,0,0,"autonomous",0,0,0
"20002",20002,85000,105,2,5,1,0,0,"autonomous",1,0,0
"20260",20260,74000,70,2,2,1,1,0,"autonomous",1,0,0
"20458",20458,245000,150,2,3,2,0,0,"other",1,0,0
"20745",20745,145000,131,2,3,1,0,0,"autonomous",0,0,0
"21018",21018,33000,280,1,4,1,0,0,"autonomous",1,0,1
"21289",21289,40000,128,2,4,2,0,0,"autonomous",1,0,0
"21551",21551,59000,129,2,4,1,0,0,"autonomous",1,0,0
"21770",21770,30000,120,1,5,2,0,0,"autonomous",0,0,0
"21985",21985,98000,130,4,3,3,0,0,"autonomous",0,0,0
"22314",22314,350000,90,1,3,1,0,0,"other",0,0,0
"22570",22570,118000,140,3,4,2,0,0,"autonomous",0,0,0
"22841",22841,175000,88,1,3,2,0,0,"autonomous",0,0,0
"23119",23119,35000,100,2,3,1,0,0,"autonomous",1,0,0
"23313",23313,20000,150,2,5,1,0,0,"autonomous",0,0,0
"23697",23697,95000,125,3,5,2,0,0,"autonomous",0,0,0
"24095",24095,295000,239,1,3,2,0,0,"autonomous",1,0,0
"24395",24395,79000,450,2,5,2,0,0,"autonomous",0,0,0
"24650",24650,79800,88,2,5,2,0,0,"autonomous",0,1,1
"24876",24876,295000,244,1,5,3,0,0,"autonomous",1,0,0
"25173",25173,366000,199,2,3,2,0,0,"autonomous",0,0,0
"25441",25441,255000,184,1,5,2,0,0,"autonomous",0,0,0
"25702",25702,69000,190,5,4,2,0,0,"autonomous",0,0,0
"25941",25941,240000,108,1,5,2,0,0,"autonomous",1,0,0
"26163",26163,3e+05,148,1,3,1,0,0,"autonomous",0,0,0
"26446",26446,198000,87,2,3,1,0,0,"autonomous",1,0,0
"26792",26792,280000,160,2,4,2,0,0,"autonomous",0,0,0
"27112",27112,158000,123,2,3,2,0,0,"autonomous",0,0,0
"27353",27353,480000,205,1,5,2,0,0,"autonomous",1,0,0
"27638",27638,125000,148,1,4,2,1,0,"autonomous",0,0,0
"27904",27904,125000,400,2,5,2,0,0,"autonomous",0,0,0
"28248",28248,215000,45,1,2,1,0,0,"autonomous",1,1,0
"28601",28601,228000,65,1,2,1,1,0,"autonomous",1,0,0
"28838",28838,120000,70,2,3,1,0,0,"autonomous",0,0,0
"29117",29117,160000,95,1,5,1,0,0,"autonomous",0,0,0
"29378",29378,330000,75,2,2,1,0,0,"autonomous",0,0,0
"29629",29629,92000,124,1,4,2,0,0,"autonomous",1,0,0
"29842",29842,73000,73,2,2,1,0,0,"autonomous",0,0,0
"30078",30078,48000,60,2,2,1,0,0,"other",1,0,0
"30281",30281,63000,70,1,3,1,0,0,"autonomous",1,0,0
"30475",30475,210000,160,3,4,1,1,0,"autonomous",1,0,0
"30677",30677,139000,71,1,2,1,0,0,"other",1,0,0
"30960",30960,25000,74,1,4,2,0,0,"autonomous",1,0,0
"31184",31184,78000,65,1,4,2,0,0,"autonomous",1,0,0
"31393",31393,135000,73,2,3,1,0,0,"autonomous",1,0,1
"31560",31560,19000,56,3,3,3,0,0,"autonomous",1,0,0
"31804",31804,385000,100,1,3,2,0,0,"autonomous",1,0,0
"32003",32003,185000,145,3,4,3,0,0,"autonomous",0,0,0
"32236",32236,145000,87,1,3,2,0,0,"autonomous",0,0,0
"32470",32470,78000,42,3,2,1,0,0,"autonomous",0,0,0
"32749",32749,46000,88,3,4,2,0,0,"other",0,0,0
"32978",32978,95000,70,1,3,1,0,0,"autonomous",0,0,0
"33142",33142,35000,75,1,4,1,1,0,"autonomous",1,0,0
"33376",33376,158000,130,5,4,2,0,0,"autonomous",0,0,0
"33616",33616,115000,70,1,2,1,0,0,"other",0,0,0
"33875",33875,173000,100,1,4,2,0,0,"autonomous",0,0,0
"34113",34113,45000,35,1,5,1,0,0,"other",0,0,0
"34351",34351,117000,68,1,4,1,0,0,"other",0,0,0
"34555",34555,89000,106,3,4,1,0,0,"other",0,0,0
"34777",34777,49000,140,1,4,2,1,0,"autonomous",1,1,0
"34986",34986,120000,71,1,2,1,0,0,"autonomous",0,0,0
"35160",35160,175000,102,1,3,2,1,0,"autonomous",1,0,0
"35365",35365,79000,50,1,2,1,0,0,"other",1,0,0
"35593",35593,34000,51,1,3,1,0,0,"autonomous",1,0,0
"35761",35761,59000,64,2,2,1,0,0,"other",0,0,0
"35961",35961,109000,125,1,4,2,0,0,"other",0,0,0
"36163",36163,69000,90,3,4,1,0,0,"other",0,0,0
"36447",36447,65000,80,2,4,2,0,0,"autonomous",0,0,0
"36659",36659,169000,150,2,5,2,0,0,"autonomous",0,0,0
"36863",36863,69000,80,3,3,1,0,0,"other",0,0,0
"37099",37099,135000,120,1,4,1,0,0,"autonomous",1,0,0
"37277",37277,99000,95,3,4,2,0,0,"autonomous",0,0,0
"37488",37488,59000,100,1,4,1,0,0,"other",0,0,0
"37701",37701,26000,40,1,3,1,0,0,"autonomous",0,0,0
"37901",37901,60000,100,4,5,1,0,0,"autonomous",0,0,0
"38076",38076,23000,70,3,4,1,0,0,"autonomous",0,0,0
"38248",38248,250000,300,2,2,1,0,0,"autonomous",0,0,0
"38495",38495,143000,82,2,3,2,1,0,"autonomous",0,0,0
"38705",38705,10000,134,2,4,2,0,0,"autonomous",1,0,0
"38964",38964,54000,60,1,2,1,0,0,"autonomous",0,0,0
"39256",39256,120000,100,2,4,1,0,0,"autonomous",0,0,0
"39507",39507,67500,80,2,3,1,0,0,"other",1,0,1
"39677",39677,7000,50,3,2,1,0,0,"autonomous",0,0,0
"39926",39926,150000,95,1,3,2,1,0,"autonomous",0,0,0
"40168",40168,59000,110,1,5,2,0,0,"other",0,0,0
"40402",40402,66000,106,2,4,1,0,0,"other",0,0,0
"40600",40600,118000,80,5,2,1,1,0,"other",0,0,1
"40790",40790,25000,41,1,4,2,0,0,"autonomous",1,0,0
"41010",41010,70000,70,5,3,2,0,0,"other",1,0,0
"41188",41188,175000,96,1,3,1,0,0,"other",1,0,0
"41413",41413,110000,60,3,3,1,0,0,"autonomous",0,0,0
"41638",41638,98000,53,1,2,1,0,0,"autonomous",0,0,0
"41825",41825,140000,73,3,3,1,0,0,"autonomous",0,0,0
"42080",42080,320000,140,1,5,2,0,0,"autonomous",0,0,0
"42263",42263,60000,118,1,4,2,0,0,"autonomous",0,0,0
"42477",42477,250000,300,1,5,2,0,0,"autonomous",0,0,0
"42678",42678,380000,205,1,4,2,0,0,"autonomous",0,0,0
"42898",42898,150000,63,2,2,1,0,0,"autonomous",0,0,1
"43169",43169,7000,40,2,2,1,0,0,"other",1,0,0
"43374",43374,190000,65,2,3,1,0,0,"autonomous",0,0,0
"43599",43599,220000,102,1,4,1,0,0,"autonomous",1,0,0
"43822",43822,170000,65,1,5,1,0,0,"autonomous",1,0,0
"44088",44088,440000,126,1,5,3,0,0,"autonomous",0,0,0
"44379",44379,49000,69,2,3,1,1,0,"autonomous",0,0,0
"44604",44604,120000,75,1,3,2,0,0,"autonomous",0,0,0
"44940",44940,160000,190,2,3,2,0,0,"autonomous",0,0,0
"45192",45192,210000,180,1,5,2,0,0,"autonomous",0,0,0
"45458",45458,252000,100,1,5,2,0,0,"autonomous",0,0,0
"45675",45675,35000,140,1,5,3,0,0,"autonomous",1,0,0
"46002",46002,58000,120,1,4,1,0,0,"autonomous",0,0,1
"46303",46303,4e+05,190,1,5,3,0,0,"autonomous",0,0,0
"46537",46537,140000,56,1,2,1,0,0,"autonomous",0,0,0
"46811",46811,165000,110,1,3,2,0,0,"autonomous",0,0,1
"47129",47129,45000,70,2,5,2,0,0,"autonomous",0,0,0
"47376",47376,110000,80,2,3,1,0,0,"autonomous",0,0,0
"47742",47742,52500,93,1,3,1,0,0,"autonomous",0,0,0
"47991",47991,450000,160,2,4,2,1,0,"autonomous",0,0,0
"48238",48238,166000,232,1,4,2,0,0,"autonomous",1,0,1
"48452",48452,150000,141,1,3,2,0,0,"autonomous",1,0,0
"48703",48703,178000,232,1,4,2,0,0,"autonomous",1,0,0
"48962",48962,115000,203,4,4,1,0,0,"autonomous",1,0,0
"49253",49253,93000,70,2,3,1,0,0,"other",0,0,0
"49465",49465,79000,65,4,3,1,1,0,"autonomous",1,0,0
"49730",49730,87000,93,2,4,1,0,0,"autonomous",1,0,0
"49991",49991,145000,160,1,5,2,1,0,"autonomous",0,0,0
"50182",50182,385000,180,3,5,3,0,0,"autonomous",0,0,0
"50414",50414,50000,150,2,5,2,0,0,"autonomous",1,0,0
"50615",50615,188000,165,2,5,2,0,0,"autonomous",0,0,0
"50826",50826,122000,100,2,2,2,0,0,"autonomous",1,0,0
"51000",51000,84000,100,3,4,1,1,0,"autonomous",1,0,0
"51198",51198,220000,100,3,4,1,0,0,"autonomous",1,0,0
"51367",51367,305000,109,4,3,2,0,0,"autonomous",0,0,0
"51577",51577,75000,82,5,3,1,0,0,"other",0,0,0
"51827",51827,68000,82,2,2,1,0,0,"other",0,0,1
"52093",52093,144000,90,1,3,1,0,1,"autonomous",1,0,0
"52367",52367,219000,120,2,4,2,0,0,"autonomous",0,0,0
"52644",52644,88000,50,1,2,1,0,0,"autonomous",0,0,1
"52886",52886,85000,85,2,3,1,0,0,"autonomous",0,0,1
"53076",53076,339000,210,1,5,3,0,0,"autonomous",0,0,0
"53271",53271,92000,102,2,3,1,0,0,"autonomous",0,0,0
"53496",53496,120000,77,2,2,1,0,0,"other",0,0,0
"53721",53721,69000,207,1,5,3,0,0,"autonomous",0,0,0
"53916",53916,230000,105,3,3,1,0,0,"other",0,0,0
"54140",54140,85000,100,2,3,1,0,0,"autonomous",0,0,0
"54329",54329,95000,50,1,2,1,0,0,"autonomous",0,0,0
"54592",54592,160000,80,1,3,1,1,0,"autonomous",0,0,0
"54950",54950,109000,90,1,3,1,0,0,"autonomous",0,0,0
"55172",55172,37000,130,1,3,1,0,0,"autonomous",0,0,0
"55428",55428,128000,96,2,3,1,0,0,"autonomous",1,0,0
"55642",55642,210000,109,1,3,2,0,0,"other",0,0,0
"55830",55830,480000,140,2,4,2,0,0,"autonomous",0,0,0
"56084",56084,240000,120,1,3,1,0,0,"autonomous",0,0,0
"56317",56317,149000,107,1,3,2,0,0,"autonomous",0,0,1
"56573",56573,70000,65,1,2,1,0,0,"autonomous",0,0,0
"56896",56896,140000,44,1,3,1,1,0,"autonomous",0,0,0
"57111",57111,99000,135,2,2,1,0,0,"autonomous",0,0,0
"57357",57357,128000,90,1,3,2,0,0,"autonomous",0,0,0
"57611",57611,270000,153,1,3,2,1,0,"autonomous",0,0,0
"57837",57837,149000,87,1,3,1,0,0,"autonomous",0,0,0
"58011",58011,295000,150,1,4,2,0,0,"autonomous",0,0,0
"58225",58225,265000,160,3,5,3,1,0,"other",1,0,0
"58403",58403,1e+05,45,4,3,1,1,0,"autonomous",1,0,0
"58573",58573,339000,85,1,3,2,1,1,"autonomous",1,0,0
"58806",58806,30000,40,2,2,1,0,0,"other",0,0,0
"59043",59043,60000,120,1,4,1,0,0,"autonomous",0,0,0
"59273",59273,260000,170,1,3,2,1,0,"autonomous",1,0,1
"59470",59470,120000,69,2,3,1,1,0,"autonomous",0,0,0
"59706",59706,125000,45,1,2,1,0,0,"other",0,0,0
"59899",59899,165000,120,2,3,1,0,0,"autonomous",1,0,0
"60121",60121,87000,35,1,4,1,0,0,"other",0,0,0
"60297",60297,280000,127,1,4,1,0,0,"autonomous",0,1,0
"60521",60521,295000,250,2,5,3,0,0,"autonomous",1,0,0
"60831",60831,310000,100,2,3,1,0,0,"autonomous",0,0,0
"61014",61014,210000,150,7,4,2,0,0,"other",0,0,0
"61210",61210,89000,80,1,2,1,0,0,"autonomous",0,0,0
"61405",61405,125000,152,2,5,2,0,0,"autonomous",1,0,0
"61586",61586,46000,130,1,5,2,0,0,"autonomous",1,0,0
"61808",61808,38000,200,5,5,2,0,0,"autonomous",0,0,0
"62032",62032,75000,90,5,4,1,0,0,"other",0,0,0
"62230",62230,45000,138,1,4,2,0,0,"autonomous",0,0,0
"62539",62539,185000,133,2,5,2,0,0,"autonomous",0,0,0
"62735",62735,239000,125,3,4,1,0,0,"autonomous",0,0,0
"62909",62909,130000,70,2,4,1,0,0,"autonomous",0,0,0
"63136",63136,119000,96,2,4,1,0,0,"other",0,0,0
"63400",63400,460000,55,1,2,1,0,0,"autonomous",0,0,0
"63561",63561,69000,80,1,4,1,0,0,"autonomous",1,0,0
"63723",63723,170000,95,1,5,1,0,0,"autonomous",1,0,0
"63934",63934,85000,50,3,2,1,1,0,"autonomous",1,1,0
"64087",64087,160000,45,4,2,1,0,0,"autonomous",0,0,0
"64338",64338,128000,115,1,4,2,0,0,"autonomous",0,0,0
"64546",64546,325000,90,1,4,2,0,0,"autonomous",0,0,0
"64743",64743,62000,70,3,5,1,1,0,"other",1,0,0
"65033",65033,275000,91,1,4,2,0,0,"autonomous",0,0,0
"65387",65387,250000,125,3,4,2,0,0,"autonomous",0,0,0
"65623",65623,155000,113,2,5,1,0,0,"autonomous",1,0,0
"65912",65912,175000,149,1,5,2,0,0,"autonomous",1,0,0
"66214",66214,83000,70,1,2,1,0,0,"autonomous",1,0,0
"66442",66442,73000,80,1,3,1,0,0,"autonomous",0,0,0
"66661",66661,120000,38,2,2,1,0,0,"autonomous",0,0,0
"66924",66924,47000,111,2,5,2,0,0,"other",1,0,1
"67103",67103,180000,80,1,3,1,0,0,"autonomous",0,0,0
"67356",67356,237000,65,3,3,1,0,0,"other",0,0,0
"67572",67572,45000,35,4,3,1,0,0,"other",0,1,0
"67748",67748,69000,183,1,3,3,0,0,"autonomous",1,0,0
"67958",67958,110000,40,1,2,1,0,0,"autonomous",0,0,0
"68176",68176,33000,47,1,2,1,1,0,"autonomous",0,0,1
"68385",68385,69000,163,1,3,1,1,0,"autonomous",0,0,1
"68626",68626,69000,84,1,4,1,0,0,"autonomous",0,0,0
"68882",68882,1e+05,126,1,4,2,0,1,"autonomous",1,1,0
"69186",69186,85000,100,2,5,1,0,0,"autonomous",0,0,0
"69483",69483,99000,90,1,5,1,0,0,"autonomous",0,0,0
"69824",69824,120000,100,1,3,1,0,0,"autonomous",0,0,0
"70124",70124,35000,50,1,2,1,0,0,"autonomous",1,1,0
"70380",70380,135000,130,2,5,1,0,0,"autonomous",0,0,0
"70663",70663,180000,100,4,4,1,0,0,"autonomous",0,0,0
"70953",70953,230000,240,2,5,2,0,0,"autonomous",1,0,0
"71239",71239,115000,60,1,3,1,0,0,"autonomous",0,0,0
"71505",71505,145000,110,3,4,2,0,0,"autonomous",0,0,0
"71802",71802,290000,130,2,5,2,0,0,"autonomous",0,0,0
"72061",72061,175000,80,1,3,1,0,0,"autonomous",0,0,1
"72265",72265,1e+05,100,1,4,2,0,0,"autonomous",0,0,0
"72546",72546,120000,70,1,5,1,0,0,"autonomous",0,0,0
"72809",72809,250000,143,2,3,2,0,0,"autonomous",0,0,0
"73086",73086,89900,96,1,4,2,0,0,"autonomous",1,0,0
"73338",73338,55000,55,1,3,2,0,0,"autonomous",0,0,0
"73692",73692,250000,800,1,5,1,0,0,"autonomous",1,0,1
"73982",73982,110000,130,3,3,2,0,0,"autonomous",0,0,0
"74261",74261,420000,150,3,5,1,0,0,"autonomous",0,0,0
"74549",74549,98000,300,1,4,2,0,0,"autonomous",0,0,0
"74919",74919,3e+05,100,1,5,2,0,0,"autonomous",0,0,0
"75228",75228,75000,100,1,4,2,0,0,"autonomous",0,0,0
"75481",75481,130000,107,2,5,1,0,0,"autonomous",0,0,0
"75728",75728,18000,70,1,3,1,0,0,"autonomous",0,0,0
"75970",75970,50000,88,1,4,1,0,0,"autonomous",1,0,0
"76247",76247,35000,80,1,3,1,0,0,"autonomous",0,0,0
"76443",76443,85000,100,1,4,2,0,0,"autonomous",1,0,0
"76719",76719,89000,110,1,4,2,0,0,"autonomous",1,0,0
"77008",77008,210000,85,2,3,1,0,0,"other",1,0,0
"77252",77252,140000,156,2,5,2,0,0,"autonomous",1,0,0
"77569",77569,210000,30,1,2,1,1,0,"autonomous",1,0,0
"77924",77924,78000,130,1,5,2,0,0,"autonomous",0,0,0
"78123",78123,370000,165,3,4,2,0,0,"autonomous",0,0,0
"78430",78430,30000,60,1,3,2,0,0,"autonomous",1,0,0
"78751",78751,145000,435,1,2,1,0,0,"autonomous",0,0,0
"79001",79001,139000,110,2,4,1,0,0,"autonomous",0,0,0
"79321",79321,118000,100,1,3,1,0,0,"autonomous",0,0,0
"79619",79619,330000,200,1,3,2,0,0,"autonomous",0,0,0
"79946",79946,105000,100,1,4,1,0,0,"autonomous",0,0,1
"80194",80194,130000,80,2,3,1,0,0,"autonomous",1,0,0
"80451",80451,250000,450,2,3,2,0,0,"autonomous",1,0,0
"80772",80772,119000,45,2,2,1,0,0,"autonomous",0,0,0
"81096",81096,135000,80,3,3,2,0,0,"autonomous",1,0,1
"81458",81458,105000,90,1,4,2,0,0,"autonomous",0,0,0
"81809",81809,189000,45,3,2,1,0,0,"autonomous",0,0,0
"82107",82107,79000,55,1,3,1,0,0,"autonomous",0,0,0
"82391",82391,39000,45,2,3,1,0,0,"autonomous",0,0,0
"82672",82672,25000,27,2,2,1,0,0,"autonomous",0,0,0
"83015",83015,170000,60,1,2,1,0,0,"autonomous",0,0,0
"83271",83271,115000,63,2,4,2,0,0,"autonomous",0,0,1
"83595",83595,175000,135,15,3,2,0,0,"other",0,0,0
"83951",83951,44000,65,2,4,1,0,0,"autonomous",0,0,0
"84185",84185,105000,61,3,2,1,0,0,"autonomous",0,0,0
"84438",84438,90000,140,1,4,2,0,0,"autonomous",0,0,0
"84642",84642,65000,81,1,2,1,1,0,"autonomous",1,1,0
"84880",84880,125000,220,1,5,2,0,0,"autonomous",0,0,0
"85083",85083,105000,600,2,5,1,0,0,"autonomous",0,0,0
"85295",85295,107000,75,1,3,1,0,0,"autonomous",1,0,1
"85534",85534,250000,70,1,3,1,0,0,"autonomous",0,0,0
"85729",85729,235000,137,1,4,2,0,0,"autonomous",0,0,0
"86009",86009,60000,85,3,3,1,0,0,"autonomous",0,0,0
"86244",86244,260000,275,1,2,1,0,0,"autonomous",0,0,0
"86444",86444,118000,110,2,5,3,0,0,"autonomous",0,0,0
"86642",86642,360000,105,6,4,2,0,0,"autonomous",0,0,0
"86827",86827,10000,20,1,2,1,0,0,"autonomous",0,0,0
"87071",87071,27000,63,1,5,1,0,0,"autonomous",0,0,0
"87283",87283,67000,85,3,4,2,1,0,"autonomous",1,0,0
"87489",87489,115000,300,1,2,1,0,0,"autonomous",1,0,0
"87751",87751,260000,120,1,2,2,0,0,"autonomous",0,0,0
"87992",87992,45000,60,5,3,1,0,0,"autonomous",0,0,0
"88217",88217,195000,149,2,4,2,0,0,"autonomous",0,0,0
"88464",88464,140000,150,2,3,1,0,0,"autonomous",0,0,0
"88757",88757,13000,160,1,4,1,0,0,"autonomous",0,0,0
"89022",89022,79000,75,1,4,1,0,0,"autonomous",0,0,1
"89338",89338,105000,255,2,5,2,0,0,"autonomous",1,0,0
"89635",89635,118125,446,1,4,1,0,0,"autonomous",0,0,0
"89888",89888,190000,170,1,4,2,0,0,"autonomous",1,1,0
"90254",90254,165000,84,1,4,2,0,0,"autonomous",1,0,0
"90598",90598,239000,90,2,4,1,0,0,"autonomous",0,0,0
"90928",90928,252000,169,2,5,3,0,0,"autonomous",0,0,0
"91254",91254,185000,102,2,3,2,0,0,"other",0,0,0
"91600",91600,229000,114,1,3,2,0,0,"autonomous",0,0,0
"91949",91949,115000,57,1,2,1,0,0,"autonomous",1,0,0
"92323",92323,65000,50,1,2,1,0,0,"autonomous",0,0,0
"92612",92612,58000,80,1,5,1,0,0,"autonomous",0,0,1
"92906",92906,120000,100,2,5,1,1,0,"autonomous",1,1,0
"93318",93318,79000,137,6,4,2,1,0,"other",1,0,0
"93577",93577,79000,123,1,4,2,0,0,"other",0,0,0
"94046",94046,185000,142,3,5,2,0,0,"autonomous",0,0,0
"94551",94551,38000,70,2,3,1,0,0,"autonomous",0,0,0
"94987",94987,49000,80,1,5,1,0,0,"autonomous",0,0,0
"95356",95356,37000,40,1,2,1,0,0,"autonomous",0,0,0
"95621",95621,340000,175,2,4,2,1,0,"autonomous",1,0,0
"96016",96016,149000,130,2,3,2,0,0,"autonomous",0,0,1
"96266",96266,150000,98,1,5,2,0,0,"autonomous",1,0,0
"96682",96682,125000,102,1,4,2,0,0,"autonomous",0,0,0
"97074",97074,260000,217,1,5,3,0,0,"autonomous",0,0,0
"97357",97357,230000,110,4,3,2,1,0,"autonomous",0,0,0
"97539",97539,3e+05,197,2,4,2,0,0,"autonomous",0,0,0
"97799",97799,85000,133,2,4,2,0,0,"autonomous",0,0,0
"98061",98061,75000,89,1,3,1,0,0,"autonomous",1,0,0
"98262",98262,115000,90,2,3,2,0,1,"autonomous",1,0,1
"98537",98537,98000,150,2,4,2,0,0,"autonomous",0,0,0
"98741",98741,135000,100,1,3,2,0,0,"autonomous",1,0,0
"99024",99024,75000,67,1,2,1,0,0,"autonomous",0,0,0
"99267",99267,50000,130,2,4,2,0,0,"autonomous",0,0,0
"99474",99474,170000,129,2,4,2,0,0,"autonomous",1,0,1
"99725",99725,63000,105,1,3,1,0,0,"autonomous",0,0,0
"99995",99995,94000,112,2,2,2,0,0,"autonomous",0,0,0
"100307",100307,270000,140,1,5,2,0,0,"autonomous",0,0,0
"100542",100542,270000,120,1,4,2,0,0,"autonomous",0,0,0
"100754",100754,350000,110,2,3,1,0,0,"autonomous",1,0,0
"100942",100942,142000,93,2,4,1,0,0,"autonomous",0,0,0
"101206",101206,24000,55,1,3,1,0,0,"autonomous",1,0,0
"101516",101516,82000,143,1,4,1,0,0,"autonomous",1,0,0
"101814",101814,70000,75,2,3,1,0,0,"autonomous",1,0,0
"102089",102089,120000,80,2,3,1,1,0,"autonomous",1,0,1
"102404",102404,175000,115,1,5,1,0,0,"autonomous",0,0,0
"102749",102749,120000,80,1,4,1,0,0,"autonomous",0,0,0
"103071",103071,179000,162,1,5,2,1,0,"autonomous",1,0,0
"103264",103264,190000,126,1,5,2,0,0,"autonomous",0,0,0
"103547",103547,115000,100,2,4,1,0,0,"autonomous",0,0,0
"103765",103765,189000,210,2,5,3,1,0,"autonomous",1,0,0
"104005",104005,65000,120,1,5,1,0,0,"autonomous",0,0,0
"104247",104247,180000,120,3,5,2,0,0,"autonomous",0,0,0
"104513",104513,140000,55,1,3,1,0,0,"autonomous",1,0,1
"104797",104797,60000,70,2,4,1,0,0,"autonomous",0,0,0
"105035",105035,85000,140,3,5,2,0,0,"other",0,0,0
"105343",105343,35000,80,1,4,1,0,0,"autonomous",1,0,0
"105634",105634,135000,100,1,5,2,0,0,"autonomous",0,0,0
"105911",105911,69000,60,1,2,1,0,0,"autonomous",0,0,0
"106145",106145,1e+05,94,4,3,1,0,0,"other",0,0,0
"106428",106428,99000,125,1,4,2,1,0,"autonomous",1,0,0
"106748",106748,29000,100,1,3,1,0,0,"autonomous",1,0,0
"106918",106918,50000,100,1,3,1,1,0,"autonomous",0,0,0
"107298",107298,372000,153,1,4,2,0,0,"autonomous",0,0,0
"107562",107562,145000,210,2,4,2,0,0,"autonomous",1,0,0
"107851",107851,175000,111,2,3,2,1,0,"autonomous",1,0,0
"108108",108108,95000,300,1,4,2,0,0,"autonomous",0,0,0
"108442",108442,70000,90,2,3,2,0,0,"autonomous",0,0,0
"108683",108683,158000,92,2,5,2,0,0,"autonomous",0,0,0
"108973",108973,32000,65,3,2,1,0,0,"autonomous",0,0,1
"109239",109239,119000,105,3,3,1,0,0,"other",0,0,0
"109523",109523,59000,230,1,4,3,0,0,"autonomous",0,0,0
"109838",109838,30000,150,1,5,2,0,0,"autonomous",0,0,0
"110041",110041,79000,75,1,2,2,0,0,"autonomous",0,0,0
"110255",110255,170000,600,3,5,2,0,0,"autonomous",0,0,0
"110516",110516,69000,60,3,2,1,0,0,"other",0,0,0
"110821",110821,165000,110,5,4,1,0,0,"autonomous",0,0,0
"111077",111077,349000,80,1,3,1,0,0,"autonomous",0,0,0
"111356",111356,15000,105,2,3,2,0,0,"autonomous",0,0,0
"111568",111568,68000,300,1,4,2,0,0,"autonomous",0,0,0
"111778",111778,15000,60,2,2,1,0,0,"autonomous",1,0,0
"111962",111962,390000,180,1,4,2,0,0,"autonomous",0,0,0
"112144",112144,95000,68,1,2,1,0,0,"autonomous",1,0,0
"112357",112357,70000,50,2,2,1,0,0,"autonomous",0,0,0
"112539",112539,68000,62,2,3,1,0,0,"autonomous",0,0,0
"112789",112789,85000,60,1,2,1,0,0,"autonomous",1,0,1
"112956",112956,119000,69,1,3,1,0,0,"autonomous",0,0,0
"113254",113254,340000,130,2,5,3,0,0,"autonomous",1,0,0
"113458",113458,80000,72,4,2,1,0,0,"autonomous",0,0,0
"113736",113736,230000,97,1,3,2,0,0,"other",1,0,0
"113930",113930,198000,110,2,3,2,0,0,"autonomous",0,0,0
"114169",114169,113000,107,1,3,1,0,0,"autonomous",0,0,0
"114404",114404,279000,140,5,5,2,1,0,"other",1,0,0
"114692",114692,389000,221,1,4,2,0,0,"autonomous",0,0,0
"114883",114883,85000,60,1,2,1,0,0,"autonomous",0,0,1
"115054",115054,3e+05,114,1,3,2,1,0,"autonomous",0,0,1
"115277",115277,190000,91,1,3,1,1,0,"autonomous",1,0,0
"115486",115486,120000,60,1,2,1,1,0,"autonomous",1,0,0
"115729",115729,210000,90,1,2,2,0,0,"autonomous",1,0,0
"115966",115966,129000,73,2,3,1,0,0,"other",1,0,0
"116147",116147,330000,260,2,2,1,0,0,"other",0,0,0
"116345",116345,58000,48,3,2,1,0,0,"autonomous",0,0,0
"116564",116564,295000,140,1,4,2,0,0,"other",1,0,0
"116787",116787,69000,50,3,2,1,0,0,"autonomous",0,0,0
"117001",117001,73000,35,2,4,1,0,0,"autonomous",0,0,0
"117202",117202,90000,110,4,4,1,0,0,"other",1,0,0
"117409",117409,150000,150,2,4,2,0,0,"autonomous",0,0,0
"117612",117612,140000,75,1,3,1,0,0,"autonomous",0,0,0
"117870",117870,265000,85,1,3,2,0,0,"autonomous",0,0,0
"118040",118040,330000,120,1,4,2,0,1,"other",1,0,0
"118232",118232,22000,83,1,3,2,0,0,"autonomous",0,0,0
"118432",118432,109000,80,2,3,1,0,0,"autonomous",1,0,1
"118654",118654,189000,100,2,4,2,0,0,"autonomous",1,0,0
"118886",118886,75000,105,1,4,1,0,0,"other",0,0,0
"119094",119094,195000,61,2,2,1,0,0,"autonomous",0,0,0
"119312",119312,365000,220,3,5,2,0,0,"autonomous",0,0,0
"119497",119497,95000,80,1,3,2,0,0,"autonomous",0,0,0
"119695",119695,140000,62,1,4,1,0,0,"autonomous",0,0,0
"119921",119921,125000,81,4,2,1,0,0,"other",1,0,0
"120176",120176,80000,51,5,2,1,0,0,"autonomous",1,0,1
"120369",120369,235000,127,3,3,2,0,0,"autonomous",0,0,0
"120557",120557,130000,56,1,2,1,0,0,"autonomous",0,0,0
"120823",120823,175000,105,1,5,2,0,0,"autonomous",1,0,0
"121052",121052,120000,150,3,5,1,0,0,"autonomous",0,0,0
"121304",121304,225000,111,7,4,1,0,0,"other",0,0,0
"121602",121602,123500,245,1,5,2,0,0,"autonomous",0,0,0
"121829",121829,165000,90,2,3,2,1,0,"autonomous",0,0,0
"122019",122019,69000,101,3,3,2,0,0,"autonomous",0,0,0
"122198",122198,119000,113,1,3,2,0,0,"autonomous",1,0,0
"122433",122433,210000,126,1,5,2,0,0,"autonomous",0,0,0
"122642",122642,260000,135,2,3,2,1,0,"other",0,0,0
"122888",122888,149000,100,2,3,1,0,0,"autonomous",0,0,0
"123191",123191,430000,191,2,4,3,0,0,"autonomous",1,0,0
"123413",123413,78000,72,2,2,1,0,0,"other",1,0,0
"123638",123638,310000,118,1,3,2,0,0,"autonomous",0,0,0
"123861",123861,242000,110,2,3,2,0,0,"autonomous",0,0,0
"124136",124136,330000,133,1,3,1,0,0,"autonamous",0,0,0
"124379",124379,190000,102,2,4,2,0,0,"autonomous",1,0,0
"124626",124626,455000,278,2,4,3,0,0,"autonomous",0,0,0
"124855",124855,495000,106,1,4,2,0,0,"autonomous",1,1,1
"125014",125014,160000,136,2,4,2,0,0,"other",1,0,0
"125270",125270,2e+05,120,3,4,1,0,0,"autonomous",1,0,0
"125571",125571,99000,115,1,4,2,0,0,"autonomous",0,0,0
"125752",125752,180000,80,4,2,1,1,0,"autonomous",0,0,0
"125971",125971,255000,113,1,3,1,0,0,"autonomous",0,0,0
"126181",126181,240000,120,2,3,2,1,0,"autonomous",0,0,0
"126388",126388,295000,240,1,3,3,0,0,"autonomous",0,0,0
"126595",126595,210000,105,1,3,2,1,0,"autonomous",1,0,0
"126802",126802,310000,130,4,5,1,0,0,"other",1,0,1
"127010",127010,75000,60,1,3,1,0,0,"autonomous",0,0,0
"127221",127221,240000,170,2,4,2,0,0,"autonomous",1,0,1
"127440",127440,255000,126,2,4,2,1,0,"autonomous",0,0,0
"127625",127625,45000,105,2,3,2,0,0,"autonomous",1,0,0
"127821",127821,95000,60,2,2,1,0,0,"autonomous",1,0,0
"128034",128034,179000,127,6,3,1,0,0,"autonomous",1,0,1
"128259",128259,133000,85,1,2,1,0,0,"autonomous",0,0,0
"128482",128482,89000,83,5,3,1,0,0,"autonomous",0,0,0
"128754",128754,248000,140,1,3,2,0,0,"autonomous",1,0,0
"128921",128921,70000,85,2,2,2,0,0,"other",0,0,0
"129104",129104,45000,62,4,3,1,0,0,"autonomous",0,0,0
"129338",129338,135000,100,2,3,1,0,0,"autonomous",1,0,0
"129487",129487,13500,150,3,3,1,0,0,"autonomous",0,0,0
"129645",129645,50000,60,1,2,1,0,0,"autonomous",0,0,0
"129913",129913,146000,74,2,4,1,0,0,"autonomous",0,0,0
"130127",130127,158000,390,1,5,1,0,0,"autonomous",0,0,0
"130334",130334,220000,120,1,3,1,0,0,"autonomous",1,0,0
"130549",130549,270000,140,4,4,2,0,0,"autonomous",0,0,0
"130766",130766,128000,102,1,4,1,0,0,"autonomous",0,0,0
"131002",131002,165000,117,5,3,2,1,0,"autonomous",0,0,0
"131237",131237,22000,104,2,2,1,0,0,"autonomous",0,0,0
"131464",131464,48000,88,2,3,1,0,0,"other",0,1,0
"131713",131713,55000,67,1,2,1,0,0,"autonomous",0,0,0
"131944",131944,109000,152,2,4,2,0,0,"autonomous",1,0,0
"132303",132303,128000,137,1,3,1,0,0,"autonomous",0,0,0
"132552",132552,315000,160,2,4,2,0,0,"autonomous",0,0,0
"132787",132787,130000,105,1,3,1,0,0,"autonomous",0,0,0
"133058",133058,125000,125,3,2,2,1,0,"autonomous",1,0,0
"133403",133403,205000,100,2,4,2,0,0,"autonomous",0,0,0
"133672",133672,99000,70,3,3,1,1,0,"autonomous",1,0,1
"133925",133925,82000,66,1,2,1,0,0,"autonomous",0,0,0
"134163",134163,215000,160,1,5,3,0,0,"autonomous",0,0,0
"134528",134528,95000,123,1,5,1,0,0,"autonomous",0,0,0
"134723",134723,108000,87,1,4,2,0,0,"autonomous",0,0,0
"134968",134968,2e+05,260,1,4,3,1,0,"autonomous",1,0,0
"135189",135189,138000,250,2,5,2,0,0,"autonomous",1,0,0
"135450",135450,153000,111,1,5,2,0,0,"autonomous",0,0,1
"135776",135776,1e+05,160,1,4,2,0,0,"autonomous",0,0,0
"136123",136123,60000,250,1,3,1,0,0,"autonomous",0,0,0
"136309",136309,220000,90,1,3,1,0,0,"autonomous",0,0,0
"136580",136580,150000,850,1,4,1,0,0,"autonomous",1,0,0
"136824",136824,93000,117,1,3,2,1,0,"autonomous",1,0,0
"137103",137103,1e+05,130,1,3,2,0,0,"autonomous",0,0,0
"137373",137373,155000,160,2,4,2,0,0,"autonomous",0,0,1
"137640",137640,255000,135,2,5,2,0,1,"autonomous",1,0,0
"137869",137869,55000,90,2,3,1,0,0,"other",0,0,0
"138138",138138,143000,220,2,4,1,0,0,"autonomous",1,0,0
"138425",138425,135000,85,2,4,1,0,0,"autonomous",1,0,1
"138698",138698,120000,100,2,4,1,0,0,"autonomous",1,0,0
"138964",138964,215000,100,1,4,1,0,0,"autonomous",0,0,0
"139242",139242,115000,77,1,5,1,0,0,"autonomous",0,0,1
"139485",139485,60000,55,2,5,1,1,0,"autonomous",0,0,0
"139752",139752,55000,58,1,3,1,1,0,"autonomous",0,0,0
"139979",139979,111000,110,2,4,1,0,0,"autonomous",1,0,0
"140162",140162,53000,55,1,3,1,0,0,"autonomous",1,0,0
"140344",140344,90000,170,2,4,2,0,0,"autonomous",1,0,0
"140560",140560,180000,105,2,4,2,1,0,"autonomous",0,0,0
"140892",140892,75000,93,2,3,1,0,0,"autonomous",0,0,0
"141124",141124,55000,40,3,2,1,0,0,"autonomous",1,0,0
"141326",141326,67000,90,1,5,2,0,0,"autonomous",1,0,0
"141542",141542,130000,130,2,4,1,0,0,"autonomous",1,0,0
"141808",141808,189000,70,1,3,1,0,0,"autonomous",0,0,1
"142038",142038,1e+05,160,3,5,1,0,0,"autonomous",0,0,0
"142302",142302,148000,100,2,3,2,0,0,"autonomous",0,0,0
"142510",142510,80000,70,1,4,1,0,0,"autonomous",1,0,0
"142739",142739,270000,90,1,4,1,1,0,"autonomous",1,0,0
"142948",142948,420000,100,1,3,2,0,0,"autonomous",0,0,0
"143118",143118,165000,70,6,3,1,0,0,"autonomous",1,0,0
"143291",143291,30000,35,2,4,1,0,0,"autonomous",0,0,0
"143428",143428,135000,38,2,2,1,0,0,"autonomous",0,0,0
"143611",143611,170000,40,1,2,1,0,0,"autonomous",1,0,0
"143825",143825,175000,48,1,2,2,0,0,"autonomous",0,0,0
"144026",144026,219000,99,1,4,2,1,0,"autonomous",1,0,1
"144196",144196,30000,53,1,2,1,0,0,"autonomous",1,0,0
"144368",144368,120000,57,1,2,2,1,0,"autonomous",1,0,0
"144598",144598,48000,47,1,3,1,0,0,"autonomous",0,0,0
"144821",144821,220000,150,2,5,1,0,0,"autonomous",0,0,0
"145102",145102,75000,123,1,3,1,0,0,"autonomous",1,0,0
"145305",145305,370000,110,3,4,1,0,0,"autonomous",0,0,0
"145537",145537,420000,80,3,4,1,1,0,"autonomous",0,0,0
"145699",145699,225000,95,1,4,2,0,0,"autonomous",0,0,0
"145874",145874,189000,95,2,4,3,0,0,"autonomous",1,0,1
"146087",146087,125000,96,1,4,1,0,0,"autonomous",0,0,0
"146274",146274,439000,111,2,5,2,0,0,"autonomous",1,0,0
"146503",146503,185000,109,1,3,2,0,0,"autonomous",0,0,0
"146857",146857,195000,39,3,4,1,0,0,"autonomous",0,0,0
"147081",147081,125000,95,2,5,1,0,0,"autonomous",0,0,0
"147437",147437,209000,50,3,-1,1,0,0,"autonomous",0,0,1
"147724",147724,145000,224,1,4,2,0,0,"autonomous",0,0,0
"148069",148069,165000,100,2,3,1,0,0,"autonomous",1,0,0
"148347",148347,78000,70,1,3,1,0,0,"autonomous",0,0,0
"148719",148719,120000,70,1,3,1,0,0,"autonomous",1,0,1
"149205",149205,49000,135,1,5,2,0,0,"autonomous",1,0,0
"149523",149523,98000,124,2,4,2,0,0,"autonomous",0,0,0
"149876",149876,90000,115,1,5,2,0,0,"autonomous",1,0,0
"150202",150202,60000,60,1,2,1,1,0,"autonomous",0,0,0
"150522",150522,84000,150,1,4,2,1,0,"autonomous",0,0,0
"150964",150964,109000,150,2,5,2,0,0,"autonomous",0,0,0
"151285",151285,190000,132,2,5,2,0,0,"other",0,0,1
"151522",151522,90000,79,1,2,1,1,0,"autonomous",0,0,0
"151750",151750,138000,113,2,3,1,0,0,"autonomous",0,0,0
"152013",152013,158000,83,2,3,2,0,0,"autonomous",0,0,0
"152222",152222,103000,112,2,3,1,0,0,"other",0,0,0
"152477",152477,160000,95,1,3,1,0,0,"other",0,0,0
"152702",152702,365000,99,1,3,2,0,0,"autonomous",0,0,0
"152919",152919,398000,145,2,4,2,1,0,"autonomous",1,0,0
"153145",153145,168000,90,1,3,1,0,0,"other",0,0,0
"153404",153404,110000,65,2,2,1,0,0,"autonomous",0,0,0
"153653",153653,160000,80,1,3,2,0,1,"autonomous",1,0,0
"153865",153865,45000,68,1,2,1,0,0,"autonomous",0,0,0
"154062",154062,65000,57,1,2,1,0,0,"other",0,0,0
"154284",154284,3e+05,650,1,3,2,1,0,"autonomous",1,0,0
"154525",154525,320000,128,1,5,1,0,0,"autonomous",0,0,1
"154747",154747,30000,73,1,3,1,1,0,"autonomous",1,0,0
"154968",154968,130000,100,1,3,1,0,0,"autonomous",0,0,0
"155176",155176,175000,62,1,3,1,0,0,"autonomous",0,0,0
"155408",155408,195000,109,1,3,2,0,0,"autonomous",0,0,0
"155570",155570,150000,95,1,3,1,0,0,"autonomous",0,0,0
"155779",155779,65000,80,1,3,1,0,0,"autonomous",0,0,0
"155944",155944,89000,92,2,3,2,1,0,"autonomous",1,0,0
"156151",156151,142000,150,1,4,2,0,0,"autonomous",0,0,0
"156332",156332,299000,160,1,4,2,0,1,"autonomous",1,0,0
"156533",156533,62000,45,2,2,1,0,0,"autonomous",1,0,0
"156706",156706,105000,87,2,2,1,0,0,"autonomous",0,0,0
"156884",156884,185000,131,2,3,2,0,0,"other",1,0,0
"157079",157079,76000,55,1,2,1,0,0,"autonomous",1,0,1
"157290",157290,150000,110,3,4,1,0,0,"autonomous",0,0,0
"157557",157557,61000,140,2,3,2,0,0,"autonomous",1,0,1
"157916",157916,155000,75,1,4,1,0,0,"autonomous",0,0,0
"158302",158302,2e+05,50,5,2,1,0,0,"autonomous",1,0,0
"158740",158740,62000,67,2,3,1,0,0,"autonomous",0,0,0
"159125",159125,95000,300,1,5,1,0,0,"autonomous",1,0,0
"159547",159547,110000,99,1,4,2,0,0,"autonomous",0,0,0
"159904",159904,225000,102,1,4,1,0,0,"autonomous",0,0,0
"160205",160205,198000,150,4,5,2,1,1,"autonomous",0,0,0
"160447",160447,60000,45,2,2,1,0,0,"autonomous",0,0,0
"160681",160681,155000,140,2,3,1,0,0,"autonomous",0,0,0
"160844",160844,39000,45,2,2,1,0,0,"autonomous",0,0,0
"161055",161055,75000,90,1,3,1,0,0,"autonomous",0,0,0
"161344",161344,357000,127,2,5,3,0,0,"autonomous",0,0,0
"161592",161592,315000,148,2,4,2,0,0,"autonomous",0,0,1
"161854",161854,50000,70,1,3,1,0,0,"autonomous",0,0,0
"162114",162114,169000,100,2,3,1,0,0,"autonomous",0,0,0
"162343",162343,187000,200,2,4,2,0,0,"autonomous",0,0,0
"162612",162612,115000,350,1,4,1,0,0,"autonomous",0,0,0
"162926",162926,74000,130,1,5,1,0,0,"autonomous",0,0,0
"163196",163196,210000,180,3,5,3,0,0,"autonomous",0,0,0
"163451",163451,75000,235,2,4,1,0,0,"autonomous",0,0,0
"163822",163822,76000,88,2,4,1,0,0,"autonomous",0,0,0
"164177",164177,27000,50,1,2,1,0,0,"autonomous",0,0,0
"164477",164477,105000,200,1,5,2,0,0,"autonomous",1,0,0
"164735",164735,35000,70,1,2,2,0,0,"autonomous",1,0,0
"165037",165037,47000,80,4,5,1,0,0,"autonomous",0,0,0
"165225",165225,370000,70,3,2,1,0,0,"autonomous",1,0,0
"165424",165424,399000,100,1,4,2,1,0,"autonomous",1,0,1
"165607",165607,235000,73,1,3,1,0,0,"other",1,0,0
"165765",165765,53000,65,1,4,1,0,0,"autonomous",0,0,0
"165962",165962,280000,125,3,3,2,0,0,"autonomous",0,0,0
"166171",166171,86000,82,2,4,1,0,0,"autonomous",0,0,0
"166417",166417,380000,175,3,5,2,0,0,"autonomous",1,0,1
"166594",166594,248500,95,14,4,1,1,0,"other",1,0,0
"166779",166779,180000,50,1,3,1,0,0,"autonomous",1,0,0
"166964",166964,59000,110,1,5,2,1,0,"autonomous",1,0,1
"167208",167208,83000,169,1,4,1,0,0,"autonomous",1,0,0
"167450",167450,35000,152,2,5,2,0,0,"autonomous",1,0,0
"167659",167659,105000,110,4,4,1,0,0,"other",0,0,0
"167849",167849,95000,123,1,2,1,1,0,"autonomous",0,0,0
"168185",168185,79000,91,1,3,1,0,0,"autonomous",0,0,0
"168475",168475,178000,95,3,2,2,0,0,"autonomous",0,0,0
"168796",168796,120000,120,1,4,1,1,0,"autonomous",0,0,0
"169065",169065,245000,63,3,2,1,0,0,"autonomous",0,0,0
"169360",169360,175000,129,1,4,2,0,0,"autonomous",1,0,0
"169601",169601,235000,67,2,2,1,0,0,"autonomous",1,0,0
"169877",169877,71000,130,3,4,1,1,0,"autonomous",0,0,0
"170141",170141,99000,57,1,2,1,0,0,"autonomous",1,0,0
"170423",170423,145000,79,1,3,1,0,0,"autonomous",1,0,0
"170637",170637,28000,48,2,2,1,1,0,"autonomous",0,0,0
"170872",170872,129000,92,2,3,1,0,0,"autonomous",1,0,0
"171100",171100,258000,185,1,4,2,0,0,"autonomous",0,0,0
"171310",171310,215000,122,1,5,1,0,0,"autonomous",0,0,0
"171550",171550,118000,107,1,3,1,0,0,"autonomous",1,0,0
"171799",171799,125000,140,1,5,1,0,0,"autonomous",0,0,0
"172143",172143,285000,165,3,4,2,0,0,"autonomous",0,0,0
"172371",172371,165000,88,1,3,1,0,0,"autonomous",1,0,0
"172640",172640,339000,120,2,5,2,0,0,"autonomous",0,0,0
"172892",172892,250000,120,1,3,2,0,0,"autonomous",0,0,0
"173203",173203,305000,197,2,4,3,1,0,"autonomous",0,0,0
"173524",173524,1e+05,286,1,5,2,0,0,"autonomous",0,0,0
"173814",173814,219000,98,2,3,1,0,0,"autonomous",0,0,0
"174080",174080,249000,150,2,3,2,0,0,"autonomous",0,0,1
"174335",174335,38000,60,2,2,1,1,0,"autonomous",1,0,1
"174592",174592,99000,90,2,4,1,0,0,"autonomous",0,0,0
"174884",174884,98000,400,1,5,1,0,0,"autonomous",1,0,1
"175124",175124,48000,120,1,2,2,0,0,"autonomous",0,0,0
"175343",175343,1e+05,123,1,3,1,0,0,"autonomous",0,0,0
"175580",175580,199000,83,4,3,1,1,0,"other",1,0,1
"175851",175851,259500,105,1,4,2,0,0,"autonomous",0,0,0
"176078",176078,70000,80,1,3,1,0,0,"autonomous",1,0,0
"176294",176294,285000,105,1,3,2,0,0,"autonomous",0,0,0
"176510",176510,26000,40,2,2,1,0,0,"autonomous",0,0,0
"176693",176693,25000,30,1,2,1,1,0,"other",0,0,0
"176903",176903,37000,60,3,3,2,0,0,"autonomous",0,0,0
"177083",177083,88000,86,1,3,1,0,0,"autonomous",0,0,0
"177351",177351,159000,127,3,3,2,1,0,"autonomous",1,0,0
"177525",177525,128000,65,1,3,1,0,0,"autonomous",0,0,0
"177777",177777,50000,350,3,3,1,0,0,"autonomous",0,0,0
"177922",177922,45000,80,5,3,2,0,0,"other",1,0,0
"178105",178105,16000,50,1,3,1,0,0,"autonomous",1,0,0
"178363",178363,145000,55,3,3,1,0,0,"other",0,0,0
"178576",178576,29000,60,1,2,1,0,0,"autonomous",1,0,0
"178919",178919,159000,75,1,3,2,0,0,"autonomous",1,0,0
"179171",179171,70000,120,3,3,2,0,0,"autonomous",0,0,0
"179384",179384,135000,120,1,4,2,0,0,"autonomous",0,0,0
"179601",179601,90000,48,3,2,1,0,0,"autonomous",0,0,0
"179848",179848,230000,100,1,4,2,1,0,"autonomous",0,0,0
"180082",180082,320000,74,4,3,2,0,0,"other",0,0,0
"180289",180289,97000,49,3,3,1,1,0,"other",0,0,0
"180452",180452,350000,166,2,4,2,1,0,"other",1,0,0
"180672",180672,95000,68,2,5,1,0,0,"autonomous",0,0,0
"180839",180839,330000,293,3,5,2,0,0,"autonomous",1,0,0
"181118",181118,48000,67,1,2,1,0,0,"other",0,0,0
"181284",181284,25000,80,1,4,2,0,0,"autonomous",0,0,0
"181522",181522,80000,100,2,5,1,0,0,"autonomous",1,0,0
"181740",181740,165000,107,1,2,1,0,0,"autonomous",1,0,0
"182013",182013,87000,140,1,3,1,0,0,"autonomous",1,0,0
"182222",182222,330000,218,3,5,2,0,0,"autonomous",0,0,0
"182463",182463,480000,250,2,4,2,0,0,"autonomous",0,0,0
"182634",182634,165000,76,2,2,1,0,0,"autonomous",0,0,0
"182830",182830,105000,56,2,2,1,0,0,"autonomous",0,0,0
"183123",183123,155000,112,1,4,2,0,0,"autonomous",0,0,0
"183447",183447,99000,86,1,3,1,0,0,"autonomous",0,0,0
"183732",183732,395000,600,1,3,2,1,0,"autonomous",0,0,0
"184036",184036,270000,90,2,3,1,0,0,"other",0,0,0
"184262",184262,415000,181,2,4,2,0,0,"autonomous",1,0,0
"184492",184492,185000,88,2,3,1,0,0,"other",0,0,0
"184674",184674,234300,91,2,3,1,0,0,"other",0,0,0
"185039",185039,330000,100,1,3,1,0,0,"autonomous",1,0,0
"185313",185313,380000,65,7,3,1,0,0,"other",0,0,0
"185615",185615,37000,90,1,3,1,0,0,"autonomous",0,0,1
"185981",185981,350000,150,1,5,3,0,0,"autonomous",1,0,0
"186196",186196,390000,70,2,5,1,0,0,"autonomous",1,0,0
"186413",186413,235000,80,2,5,2,0,0,"autonomous",1,0,0
"186637",186637,260000,83,3,4,2,0,0,"autonomous",0,0,0
"186872",186872,155000,50,7,2,1,0,0,"autonomous",0,0,0
"187037",187037,40000,200,7,3,1,0,0,"autonomous",0,0,0
"187252",187252,85000,132,7,4,1,0,0,"other",0,0,0
"187433",187433,69000,138,2,3,2,0,0,"autonomous",0,1,0
"187712",187712,115000,150,1,3,2,0,0,"autonomous",0,0,0
"188000",188000,160000,300,2,5,1,0,0,"autonomous",1,0,0
"188269",188269,135000,112,2,4,2,0,0,"autonomous",0,0,0
"188579",188579,219000,117,6,4,1,0,0,"autonomous",1,0,0
"188918",188918,220000,100,2,5,2,0,0,"autonomous",0,0,0
"189148",189148,150000,75,2,4,1,0,0,"autonomous",0,0,1
"189458",189458,338000,96,1,4,2,0,0,"autonomous",1,0,0
"189747",189747,109000,80,4,3,1,0,0,"autonomous",1,0,0
"190044",190044,185000,110,1,5,2,0,0,"autonomous",1,0,0
"190298",190298,210000,90,2,4,1,1,0,"autonomous",1,0,0
"190606",190606,199000,158,3,5,3,0,0,"autonomous",0,0,0
"190938",190938,375000,110,2,5,2,1,0,"other",0,0,1
"191167",191167,97000,223,1,5,2,0,0,"autonomous",0,0,0
"191475",191475,69000,118,1,4,1,0,0,"autonomous",0,0,0
"191720",191720,44000,250,2,2,1,0,0,"autonomous",0,0,0
"191950",191950,69000,122,1,4,2,1,0,"autonomous",0,0,0
"192130",192130,99000,132,1,4,2,0,0,"autonomous",0,0,0
"192366",192366,110000,95,1,3,1,0,0,"other",1,0,1
"192591",192591,169000,135,1,4,2,0,0,"autonomous",0,0,0
"192869",192869,58000,65,1,3,1,0,0,"autonomous",0,0,0
"193088",193088,27115,65,3,4,1,0,0,"autonomous",0,0,0
"193285",193285,250000,113,2,3,1,0,0,"autonomous",0,0,0
"193499",193499,50000,38,1,2,1,0,0,"autonomous",1,0,1
"193745",193745,49000,60,2,3,1,0,0,"autonomous",0,0,0
"193942",193942,28900,45,2,2,1,0,0,"autonomous",0,0,0
"194171",194171,108000,98,1,4,2,0,0,"autonomous",0,0,0
"194336",194336,99000,71,2,2,1,0,0,"autonomous",0,0,0
"194564",194564,285000,95,1,3,2,0,0,"autonomous",0,0,0
"194758",194758,145000,100,2,3,1,0,0,"autonomous",0,0,0
"194991",194991,75000,80,2,3,1,0,0,"autonomous",0,0,0
"195155",195155,52000,65,2,3,1,1,0,"autonomous",0,0,0
"195369",195369,78000,68,1,3,1,0,0,"autonomous",0,0,0
"195565",195565,145000,110,1,3,2,0,0,"autonomous",0,0,0
"195877",195877,35000,70,2,3,1,0,0,"autonomous",1,1,0
"196082",196082,422000,218,2,4,2,0,0,"autonomous",1,0,0
"196262",196262,260000,138,1,4,2,0,0,"autonomous",0,0,0
"196500",196500,389000,188,1,5,3,0,0,"autonomous",0,0,0
"196709",196709,209000,120,1,4,2,1,1,"autonomous",1,0,0
"196888",196888,55000,50,4,2,1,0,0,"other",0,0,0
"197105",197105,80000,50,1,2,1,0,0,"autonomous",1,0,0
"197345",197345,199000,0,1,2,1,0,0,"autonomous",0,0,0
"197570",197570,92000,60,1,2,1,0,0,"autonomous",0,0,0
"197741",197741,188000,125,1,3,2,0,0,"autonomous",0,0,0
"197960",197960,119000,60,2,2,1,1,0,"autonomous",1,0,0
"198203",198203,171000,142,1,3,1,0,0,"autonomous",0,0,0
"198455",198455,75000,150,2,4,2,1,0,"autonomous",0,0,0
"198720",198720,35000,32,2,4,1,0,0,"other",0,0,0
"198902",198902,180000,96,2,3,2,1,0,"autonomous",1,0,1
"199139",199139,420000,253,2,4,1,0,0,"autonomous",0,0,0
"199435",199435,39000,71,1,3,1,0,0,"autonomous",0,0,1
"199676",199676,150000,80,1,3,2,0,0,"autonomous",1,0,0
"199875",199875,270000,99,1,3,1,1,0,"autonomous",1,0,0
"200061",200061,75000,101,1,3,1,0,0,"autonomous",1,0,0
"200228",200228,45000,50,1,2,1,0,0,"autonomous",0,0,0
"200494",200494,189000,90,2,3,1,0,0,"autonomous",0,0,0
"200727",200727,230000,120,2,4,1,1,0,"autonomous",1,0,0
"200941",200941,92000,128,2,5,2,0,0,"other",0,0,0
"201275",201275,40000,145,2,4,2,0,0,"autonomous",0,0,0
"201609",201609,26527,72,2,5,1,0,0,"autonomous",0,0,0
"201875",201875,107000,123,4,4,1,0,0,"autonomous",0,0,0
"202110",202110,198000,155,2,4,2,0,0,"other",0,0,0
"202285",202285,88000,165,1,4,3,0,0,"autonomous",1,0,1
"202456",202456,135000,65,7,3,1,1,0,"autonomous",0,0,0
"202730",202730,140000,80,2,2,1,0,0,"autonomous",0,0,0
"202985",202985,89000,110,2,3,2,0,0,"autonomous",0,0,0
"203250",203250,80000,100,4,3,1,0,0,"autonomous",0,0,0
"203443",203443,225000,125,2,5,2,0,0,"autonomous",0,0,0
"203625",203625,35000,78,2,4,1,0,0,"other",1,0,0
"203818",203818,89000,115,1,3,1,0,0,"autonomous",0,0,0
"204052",204052,45000,120,4,3,1,0,0,"autonomous",1,0,0
"204289",204289,55000,84,4,4,1,0,0,"autonomous",0,0,0
"204554",204554,40000,100,6,4,1,0,0,"other",0,0,0
"204793",204793,22000,90,1,4,1,0,0,"autonomous",0,0,0
"205018",205018,60000,85,3,3,2,0,0,"other",1,0,0
"205261",205261,47000,75,1,3,1,0,0,"autonomous",0,0,0
"205597",205597,55000,60,2,2,2,0,0,"autonomous",1,0,0
"205864",205864,95000,100,3,5,1,0,0,"other",0,0,0
"206146",206146,110000,80,1,4,1,0,0,"autonomous",0,0,0
"206452",206452,70000,140,4,3,2,0,0,"autonomous",1,0,0
"206750",206750,250000,200,2,3,2,0,0,"autonomous",0,0,0
"207038",207038,39000,80,3,4,1,0,0,"other",0,0,0
"207354",207354,85000,83,5,3,1,1,0,"autonomous",0,0,0
"207691",207691,35000,120,1,4,2,0,0,"autonomous",0,0,0
"207934",207934,269000,300,2,3,2,0,0,"autonomous",0,0,0
"208204",208204,110000,250,1,5,2,0,0,"autonomous",0,0,0
"208601",208601,149000,240,2,5,2,0,0,"autonomous",0,0,0
"208828",208828,43000,66,2,3,1,1,0,"other",0,0,0
"209160",209160,95000,83,2,3,1,0,0,"autonomous",0,0,1
"209450",209450,37000,115,1,4,1,0,0,"autonomous",0,0,0
"209696",209696,99000,150,1,5,1,0,0,"autonomous",0,0,0
"210017",210017,75000,117,1,4,1,0,0,"autonomous",0,0,0
"210307",210307,120000,115,1,5,2,0,0,"autonomous",0,0,0
"210658",210658,160000,240,1,4,2,0,0,"autonomous",0,0,0
"210969",210969,1e+05,60,2,2,1,0,0,"autonomous",1,0,0
"211253",211253,175000,99,1,4,2,0,0,"autonomous",1,0,0
"211591",211591,120000,186,1,3,2,0,0,"autonomous",0,0,0
"211842",211842,28000,60,1,3,1,0,0,"autonomous",1,0,0
"212066",212066,65000,40,5,4,1,0,0,"other",0,0,0
"212321",212321,110000,80,1,4,1,0,0,"autonomous",1,0,0
"212509",212509,175000,70,2,4,1,0,0,"autonomous",1,0,0
"212676",212676,219000,120,1,4,2,0,0,"autonomous",0,0,0
"212926",212926,199000,295,2,5,1,0,0,"autonomous",1,0,0
"213103",213103,110000,60,1,2,2,0,0,"autonomous",0,0,0
"213309",213309,39000,60,1,4,1,0,0,"autonomous",0,0,0
"213521",213521,259000,131,1,5,2,0,0,"autonomous",0,0,0
"213736",213736,53000,68,2,3,1,1,0,"autonomous",0,0,0
"213978",213978,74000,56,8,2,1,0,0,"other",1,0,0
"214177",214177,179000,103,1,4,1,0,0,"other",0,0,0
"214400",214400,105000,40,2,3,1,0,0,"other",0,0,1
"214601",214601,120000,100,3,4,1,0,0,"other",1,0,0
"214822",214822,75000,78,2,3,1,0,0,"other",0,0,0
"214984",214984,42000,80,1,3,1,0,0,"autonomous",0,0,0
"215172",215172,54000,45,1,3,1,0,0,"autonomous",1,0,0
"215433",215433,125000,85,2,4,2,0,0,"autonomous",0,0,0
"215705",215705,115000,80,3,3,1,1,0,"autonomous",1,0,0
"215967",215967,95000,65,2,3,1,0,0,"autonomous",0,0,0
"216379",216379,115000,85,1,4,1,1,0,"autonomous",0,0,0
"216701",216701,126500,60,1,2,1,0,0,"other",0,0,0
"216981",216981,70000,120,2,5,1,0,0,"autonomous",0,0,0
"217356",217356,109000,100,2,3,1,0,0,"other",0,0,0
"217724",217724,48000,100,1,4,1,0,0,"other",0,0,0
"218119",218119,20000,80,1,4,1,0,0,"autonomous",0,0,0
"218405",218405,65000,118,1,5,2,0,0,"autonomous",1,0,0
"218644",218644,40000,60,2,2,2,0,0,"autonomous",0,0,0
"218862",218862,98000,98,3,3,1,0,0,"other",1,0,0
"219154",219154,47000,65,1,2,1,0,0,"autonomous",0,0,0
"219515",219515,130000,47,1,2,1,1,0,"autonomous",0,0,0
"219826",219826,89000,70,1,3,1,0,0,"autonomous",0,0,0
"220159",220159,75000,66,2,2,1,0,0,"autonomous",0,0,0
"220420",220420,93000,137,1,5,1,1,0,"autonomous",1,0,0
"220631",220631,139000,95,2,3,2,0,0,"autonomous",0,0,1
"220862",220862,64000,90,2,3,1,0,0,"autonomous",0,0,0
"221086",221086,50000,100,1,2,1,0,0,"autonomous",0,0,0
"221348",221348,170000,148,2,4,1,1,0,"autonomous",0,0,0
"221542",221542,1000,120,3,4,2,0,0,"autonomous",0,0,0
"221729",221729,63000,75,2,2,1,0,0,"autonomous",1,0,0
"221920",221920,250000,100,1,4,1,0,0,"autonomous",0,0,0
"222194",222194,380000,250,2,5,3,1,1,"autonomous",1,0,1
"222370",222370,80000,95,1,3,1,1,0,"autonomous",1,0,1
"222622",222622,180000,120,2,5,2,0,0,"autonomous",0,0,0
"222786",222786,295000,181,2,5,2,1,0,"autonomous",1,0,1
"222975",222975,220000,90,2,3,1,0,0,"autonomous",1,0,0
"223193",223193,180000,215,1,4,2,0,0,"autonomous",0,0,0
